{
  "IndonesischEten": [
    {
      "vraag": "Wat is een populair rijstgerecht uit Indonesië?",
      "image": "Nasi_Goreng.jpg",
      "antwoorden": ["Nasi Goreng", "Sushi", "Paella", "Risotto"]
    },
    {
      "vraag": "Welke Indonesische saté is beroemd om zijn pindasaus?",
      "image": "Satesaus.jpg",
      "antwoorden": ["Saté Ayam", "Kebab", "Yakitori", "Shawarma"]
    },
    {
      "vraag": "Welke Indonesische soep bevat noedels en kip?",
      "image": "soto_ayam.jpg",
      "antwoorden": ["Soto Ayam", "Pho", "Ramen", "Laksa"]
    },  
    {
      "vraag": "Wat is een pittig Indonesisch bijgerecht van sambal en groenten?",
      "image": "Gado_Gado.jpg",
      "antwoorden": ["Gado-Gado", "Kimchi", "Coleslaw", "Tabbouleh"]
    },
    {
      "vraag": "Welke Indonesische lekkernij bestaat uit kleefrijst en banaan in bananenblad?",
      "image": "lemper.jpg",
      "antwoorden": ["Lemper", "Tamale", "Onigiri", "Baklava"]
    },
    {
      "vraag": "Wat is een zoet Indonesisch dessert gemaakt van kokosmelk en tapioca?",
      "image": "kolak.jpg",
      "antwoorden": ["Kolak", "Pudding", "Mochi", "Flan"]
    },
    {
      "vraag": "Welke Indonesische noedelgerecht wordt vaak gebakken met groenten en vlees?",
      "image": "mie_goreng.jpg",
      "antwoorden": ["Mie Goreng", "Chow Mein", "Spaghetti", "Pad Thai"]
    },
    {
      "vraag": "Wat is een populaire Indonesische visgerecht met kruiden en specerijen?",
      "image": "ikan_bakar.jpg",
      "antwoorden": ["Ikan Bakar", "Ceviche", "Fish and Chips", "Sushi"]
    },
    {
      "vraag": "Welke Indonesische snack bestaat uit gefrituurde tapioca of rijstkoekjes?",
      "image": "kroepoek.jpg",
      "antwoorden": ["Krupuk", "Churros", "Tempura", "Fritters"]
    },
    {
      "vraag": "Wat is een traditionele Indonesische pittige rundvleesstoofpot?",
      "image": "rendang.jpg",
      "antwoorden": ["Rendang", "Beef Bourguignon", "Goulash", "Chili Con Carne"]
    }
  ],

  "GameCaracter": [
    {
      "vraag": "Wie is het bekendste character in het populaire videospel 'Minecraft'?",
      "image": "jack-black.jpg",
      "antwoorden": ["Herobrine", "Steve", "Alex", "Jack Black"]
    },
    {
      "vraag": "Welke character het beste in Super Smach bros Ultimate?",
      "image": "sonic.jpg",
      "antwoorden": ["Steve", "Pikachu", "Joker", "Sonic"]
    },
    {
      "vraag": "Wat is de zeldzaamste ertsoort in Minecraft (versie 1.20)?",
      "image": "",
      "antwoorden": ["Diamond", "Gold", "Smaragd", "Lapis Lazuli"]
    },
    {
      "vraag": "In Assassin’s Creed III, wie is de protagonist?",
      "image": "",
      "antwoorden": ["Ezio Auditore", "Connor Kenway", "Edward Kenway", "Arno Dorian"]
    },
    {
      "vraag": "Wat is de maximale health van een speler zonder armor in CS:GO?",
      "image": "",
      "antwoorden": ["75", "125", "150", "100"]
    },
    {
      "vraag": "In welke game vecht je tegen zombies in een post-apocalyptische wereld?",
      "image": "",
      "antwoorden": ["The Last of Us", "Resident Evil", "Left 4 Dead", "Dying Light"]
    },
    {
      "vraag": "Welke power-upmechanica in Ultrakill stimuleert agressief spelen'?",
      "image": "",
      "antwoorden": [" Shield Boost", " Berserk Health Regain door vijanden te raken", " Langzame tijdmodus", " Auto-aim"]
    },
    {
      "vraag": "In The Witcher 1, welke keuze kan leiden tot de dood van Shani?",
      "image": "",
      "antwoorden": ["Niet helpen in het aanvalsgevecht bij de moerassen", "Haar laten vechten tegen Azar Javed", "Haar weigeren medicijnen te geven", "Haar niet meenemen naar de final battle"]
    },
    {
      "vraag": "Welke monsterjacht in The Witcher 2 kan alleen succesvol worden afgerond als je gebruik maakt van de juiste olie en potions",
      "image": "",
      "antwoorden": ["Werewolf van Flotsam", "Griffon", "Harpy", "Kikimora"]
    },
    {
      "vraag": "In The Witcher 3, welk monster veroorzaakt het grootste probleem voor de inwoners van Velen in de quest “Ladies of the Wood”?",
      "image": "",
      "antwoorden": ["Leshen", "Noonwraith", "Griffin", "Crones"]
    },{
      "vraag": "Wat gebeurt er als Geralt besluit om in The Witcher 2 de elf Iorveth niet te helpen?",
      "image": "",
      "antwoorden": ["Iorveth helpt later alsnog", "De Scoia’tael worden gedood en de elf sterft", "Roche wordt automatisch vermoord", "De storyline verandert niet"]
    }
  ]
}
    
