{
  "IndonesischEten": {
    "makkelijk": [
 {
      "vraag": "Wat is een populair rijstgerecht uit Indonesië?",
      "image": "Nasi_Goreng.jpg",
      "antwoorden": ["Nasi Goreng", "Sushi", "Paella", "Risotto"]
    },
    {
      "vraag": "Welke Indonesische saté is beroemd om zijn pindasaus?",
      "image": "Satesaus.jpg",
      "antwoorden": ["Saté Ayam", "Kebab", "Yakitori", "Shawarma"]
    },
    {
      "vraag": "Welke Indonesische soep bevat noedels en kip?",
      "image": "soto_ayam.jpg",
      "antwoorden": ["Soto Ayam", "Pho", "Ramen", "Laksa"]
    },  
    {
      "vraag": "Wat is een pittig Indonesisch bijgerecht van sambal en groenten?",
      "image": "Gado_Gado.jpg",
      "antwoorden": ["Gado-Gado", "Kimchi", "Coleslaw", "Tabbouleh"]
    },
    {
      "vraag": "Welke Indonesische lekkernij bestaat uit kleefrijst en banaan in bananenblad?",
      "image": "lemper.jpg",
      "antwoorden": ["Lemper", "Tamale", "Onigiri", "Baklava"]
    },
    {
      "vraag": "Wat is een zoet Indonesisch dessert gemaakt van kokosmelk en tapioca?",
      "image": "kolak.jpg",
      "antwoorden": ["Kolak", "Pudding", "Mochi", "Flan"]
    },
    {
      "vraag": "Welke Indonesische noedelgerecht wordt vaak gebakken met groenten en vlees?",
      "image": "mie_goreng.jpg",
      "antwoorden": ["Mie Goreng", "Chow Mein", "Spaghetti", "Pad Thai"]
    },
    {
      "vraag": "Wat is een populaire Indonesische visgerecht met kruiden en specerijen?",
      "image": "ikan_bakar.jpg",
      "antwoorden": ["Ikan Bakar", "Ceviche", "Fish and Chips", "Sushi"]
    },
    {
      "vraag": "Welke Indonesische snack gebruik je om nasi in te doen?",
      "image": "kroepoek.jpg",
      "antwoorden": ["Krupuk", "Churros", "Tempura", "Fritters"]
    },
    {
      "vraag": "Wat is een traditionele Indonesische pittige rundvleesstoofpot?",
      "image": "rendang.jpg",
      "antwoorden": ["Rendang", "Beef Bourguignon", "Goulash", "Chili Con Carne"]
    },
    {
      "vraag": "Welke van deze ingredienten hoort niet bij aziatisch eten?",
      "image": "chilijam.jpg",
      "antwoorden": ["ChiliJam", "Sambal", "Oestersaus", "Sojasaus"]
    },
    {
      "vraag": "Welk evan deze chefs verkut altijd zijn eten?",
      "image": "shittychef.jpg",
      "antwoorden": ["Gorden Ramsay", "Jamie Oliver", "Marco pierre white", "Donald trump"]
    }
    ],
    "moeilijk": [
      {
      "vraag": "Wat is het traditionele Indonesische gerecht dat urenlang wordt gestoofd in kokosmelk en kruiden?",
      "image": "rendang.jpg",
      "antwoorden": ["Rendang", "Opor Ayam", "Soto Betawi", "Rawon"]
    },
    {
      "vraag": "Welke Indonesische specerijpasta is de basis voor gerechten zoals 'bumbu bali'?",
      "image": "Bumbu.jpg",
      "antwoorden": ["Bumbu", "Sambal terasi", "Kecap manis", "Serundeng"]
    },
    {
      "vraag": "Wat is het hoofdingrediënt van het gerecht 'Rawon'?",
      "image": "Rawon.jpg",
      "antwoorden": ["Rundvlees en kluwaknoten", "Varkensvlees en trassi", "Kip en kokosmelk", "Tofu en ketjap"]
    },
    {
      "vraag": "Wat maakt 'Gudeg' zijn karakteristieke zoete smaak?",
      "image": "PalmSuiker.jpg",
      "antwoorden": ["Palm suiker", "Tamarinde", "Limoenblad", "Kaneel"]
    },
    {
      "vraag": "Wat is een traditioneel Javaans ontbijt van rijst met kokosmelk, kip en kruiden?",
      "image": "NasiLiwet.jpg",
      "antwoorden": ["Nasi Liwet", "Nasi Uduk", "Nasi Goreng", "Lontong Sayur"]
    },
    {
      "vraag": "Welke Indonesische cake bestaat uit dunne laagjes en wordt gemaakt met specerijen?",
      "image": "LapisLegit.jpg",
      "antwoorden": ["Lapis Legit", "Kue Cubit", "Dadar Gulung", "Serabi"]
    },
    {
      "vraag": "Wat is 'Empal Gepuk'?",
      "image": "EmpalGepuk.jpg",
      "antwoorden": ["Zoet-kruidig rundvlees dat platgeslagen en gebakken wordt", "Krokante tofu met ketjap", "Kippenvleugels in kokosmelk", "Garnalen in trassi"]
    },
    {
      "vraag": "Wat maakt 'Es Cendol' groen?",
      "image": "EsCendol.jpg",
      "antwoorden": ["Pandanblad", "Matchapoeder", "Spinazie-extract", "Kleurstof"]
    },
    {
      "vraag": "Wat is de Indonesische term voor kleefrijst in desserts?",
      "image": "KetanRijst.jpg",
      "antwoorden": ["Ketan", "Nasi Putih", "Lontong", "Rendang"]
    },
    {
      "vraag": "Wat is het belangrijkste smaakmiddel in 'Soto Betawi'?",
      "image": "SotoBetawi.jpg",
      "antwoorden": ["Kokosmelk en kruiden", "Sojasaus en azijn", "Limoen en peper", "Tamarinde en ketjap"]
    },
    {
      "vraag": "Welke Indonesische snack wordt traditioneel gegeten met pindasaus en komkommer?",
      "image": "Sate.jpg",
      "antwoorden": ["Saté", "Pempek", "Bakso", "Siomay"]
    },
    {
      "vraag": "Wat is het hoofdingrediënt van 'Sayur Asem'?",
      "image": "SayurAsem.jpg",
      "antwoorden": ["Tamarinde", "Kokosmelk", "Kurkuma", "Sojasaus"]
    }
  ]
},
  "GameCharacter": {
    "makkelijk": [
    {
      "vraag": "Wie is het bekendste character in het populaire videospel 'Minecraft'?",
      "image": "jack-black.jpg",
      "antwoorden": ["Herobrine", "Steve", "Alex", "Jack Black"]
    },
    {
      "vraag": "Welke character is het snelst in 'Super Smash Bros Ultimate'?",
      "image": "Super_Smash_Bros.jpg",
      "antwoorden": ["Fox", "Meta Knight", "Pikachu", "Sheik"]
    },
    {
      "vraag": "Welke character is het beste in Super Smash Bros Ultimate?",
      "image": "Super_Smash_Bros_Ultimate.jpg",
      "antwoorden": ["Steve", "Pikachu", "Joker", "Sonic"]
    },
    {
      "vraag": "Wat is de zeldzaamste ertsoort in Minecraft (versie 1.20)?",
      "image": "Emerald.jpg",
      "antwoorden": ["Diamond", "Gold", "Emerald", "Lapis Lazuli"]
    },
    {
      "vraag": "In Assassin’s Creed III, wie is de protagonist?",
      "image": "AssassinsCreed.jpg",
      "antwoorden": ["Connor Kenway", "Ezio Auditore", "Edward Kenway", "Arno Dorian"]
    },
    {
      "vraag": "Wat is de maximale health van een speler zonder armor in CS:GO?",
      "image": "CSGO.jpg",
      "antwoorden": ["100", "125", "150", "75"]
    },
    {
      "vraag": "In welke game vecht je tegen zombies in een post-apocalyptische wereld?",
      "image": "Left_4_Dead.jpg",
      "antwoorden": ["Left 4 Dead", "Resident Evil", "The Last of Us", "Dying Light"]
    },
    {
      "vraag": "Welke power-upmechanica in Ultrakill stimuleert agressief spelen'?",
      "image": "Ultrakill.jpg",
      "antwoorden": ["Blood is fuel", "Shield Boost", "Langzame tijdmodus", "Auto-aim"]
    },
    {
      "vraag": "In The Witcher 1, welke keuze kan leiden tot de dood van Shani?",
      "image": "Witcher1.jpg",
      "antwoorden": ["Geen enkele keuze — Shani kan niet sterven", "Haar niet meenemen naar de final battle", "Haar weigeren medicijnen te geven", "Haar laten vechten tegen Azar Javed"]
    },
    {
      "vraag": "Welke monsterjacht in The Witcher 2 kan alleen succesvol worden afgerond als je gebruik maakt van de juiste olie en potions",
      "image": "Witcher2.jpg",
      "antwoorden": ["Kikimora", "Griffon", "Harpy", "Werewolf van Flotsam"]
    },
    {
      "vraag": "In The Witcher 3, welk monster veroorzaakt het grootste probleem voor de inwoners van Velen in de quest “Ladies of the Wood”?",
      "image": "Witcher3.jpg",
      "antwoorden": ["Crones", "Noonwraith", "Griffin", "Leshen"]
    },
    {
      "vraag": "Wat gebeurt er als Geralt besluit om in The Witcher 2 de elf Iorveth niet te helpen?",
      "image": "Witcher2.2.jpg",
      "antwoorden": ["De Scoia’tael worden gedood en de elf sterft", "Iorveth helpt later alsnog", "Roche wordt automatisch vermoord", "De storyline verandert niet"]
    }
    ],
    "moeilijk": [
       {
      "vraag": "Welke gamecharacter brak door met 3D-platforming en werd een icoon voor PlayStation?",
      "image": "CrashBandicoot.jpg",
      "antwoorden": ["Crash Bandicoot", "Sonic", "Mario", "Spyro"]
    },
    {
      "vraag": "Wat is de volledige naam van de protagonist in de originele Doom-serie?",
      "image": "DoomSlayer.jpg",
      "antwoorden": ["Doom Slayer", "John Shepard", "Marcus Fenix", "Ranger"]
    },
    {
      "vraag": "Welke gamecharacter staat bekend om het dragen van de ‘Mjolnir’-armor?",
      "image": "MasterChief.jpg",
      "antwoorden": ["Master Chief", "Samus Aran", "Commander Shepard", "Gordon Freeman"]
    },
    {
      "vraag": "In welke franchise komt de antiheld Vergil voor?",
      "image": "DevilMayCry.jpg",
      "antwoorden": ["Devil May Cry", "Bayonetta", "Dark Souls", "Final Fantasy XV"]
    },
    {
      "vraag": "Welke vrouwelijke heldin staat bekend om haar duale pistolen en archeologische avonturen?",
      "image": "LaraCroft.jpg",
      "antwoorden": ["Lara Croft", "Jill Valentine", "Aloy", "Ellie"]
    },
    {
      "vraag": "Wie is de primaire antagonist van de Legend of Zelda-reeks?",
      "image": "Ganon.jpg",
      "antwoorden": ["Ganon", "Vaati", "Zant", "Demise"]
    },
    {
      "vraag": "Welke gamecharacter gebruikt de quote 'Would you kindly?'",
      "image": "JackBioShock.jpg",
      "antwoorden": ["Jack (BioShock)", "Andrew Ryan", "Booker DeWitt", "Atlas"]
    },
    {
      "vraag": "Wat is de echte naam van Solid Snake?",
      "image": "SolidSnake.jpg",
      "antwoorden": ["David", "Jack", "Ethan", "Frank"]
    },
    {
      "vraag": "Welke gamecharacter gebruikt het wapen ‘Buster Sword’?",
      "image": "CloudStrife.jpg",
      "antwoorden": ["Cloud Strife", "Squall Leonhart", "Zidane Tribal", "Noctis Lucis"]
    },
    {
      "vraag": "Welke gamecharacter gebruikt een ‘Portal Gun’?",
      "image": "Chell.jpg",
      "antwoorden": ["Chell", "GLaDOS", "Aperture Bot", "Wheatley"]
    },
    {
      "vraag": "Welke Nintendo-held kan vijanden opeten en in eieren veranderen?",
      "image": "Yoshi.jpg",
      "antwoorden": ["Yoshi", "Kirby", "Toad", "Wario"]
    },
    {
      "vraag": "In welke game-reeks speelt sluipmoordenaar Corvo Attano?",
      "image": "Dishonored.jpg",
      "antwoorden": ["Dishonored", "Assassin’s Creed", "Thief", "Bioshock"]
    }
  ]
},
  "Gezondheid": {
    "makkelijk": [
     {
      "vraag": "Wat neem je als je hoofdpijn hebt?",            
      "image": "hoofdpijn.png",
      "antwoorden": ["paracetamol", "suikerklontje", "glaasje water", "Vitamine"]
    },
    {
      "vraag": "Wat is een gezonde snack?",            
      "image": "GezondeSnack.jpg",
      "antwoorden": ["appel", "chocolade", "chips", "koek"]
    },
    {
      "vraag": "Hoeveel uur slaap heeft een volwassene gemiddeld nodig?",            
      "image": "Slaap.jpg",
      "antwoorden": ["7-9 uur", "4-5 uur", "10-12 uur", "5-6 uur"]
    },
    {
      "vraag": "Welk voedsel is rijk aan vitamine C?",            
      "image": "VitamineC.jpg",
      "antwoorden": ["sinaasappel", "brood", "kaas", "rijst"]
    },
    {
      "vraag": "Wat is een goede manier om stress te verminderen?",            
      "image": "Stress.jpg",
      "antwoorden": ["yoga", "tv kijken", "junkfood eten", "langer werken"]
    },
    {
      "vraag": "Welk lichaamsdeel pompt bloed door je lichaam?",            
      "image": "Hart.jpg",
      "antwoorden": ["hart", "longen", "lever", "nieren"]
    },
    {
      "vraag": "Wat is een teken van uitdroging?",            
      "image": "Uitdroging.jpg",
      "antwoorden": ["donkere urine", "heldere urine", "veel zweten", "honger"]
    },
    {
      "vraag": "Welk mineraal is belangrijk voor sterke botten?",            
      "image": "Mineralen.jpg",
      "antwoorden": ["calcium", "ijzer", "zink", "magnesium"]
    },
    {
      "vraag": "Wat is een gezonde manier om gewicht te verliezen?",            
      "image": "gevarieerdEten.jpg",
      "antwoorden": ["gebalanceerd dieet en regelmatige lichaamsbeweging", "extreme diëten", "alleen water drinken", "niet eten"]
    },
    {
      "vraag": "Welk van de volgende is een cardiovasculaire oefening?",            
      "image": "Cardio.jpg",
      "antwoorden": ["rennen", "gewichtheffen", "yoga", "stretching"]
    },
    {
      "vraag": "Welk type vet is het gezondst voor consumptie?",            
      "image": "Vetten.jpg",
      "antwoorden": ["onverzadigde vetten", "verzadigde vetten", "transvetten", "gehydrogeneerde vetten"]
    },
    {
      "vraag": "Welk mineraal is essentieel voor de zuurstoftransport in het bloed?",            
      "image": "Ijzer.jpg",
      "antwoorden": ["ijzer", "calcium", "magnesium", "zink"]
    }
    ],
    "moeilijk": [
   {
      "vraag": "Welk orgaan kan zichzelf gedeeltelijk regenereren?",
      "image": "Lever.jpg",
      "antwoorden": ["Lever", "Nier", "Long", "Hart"]
    },
    {
      "vraag": "Wat is de medische term voor een tekort aan rode bloedcellen?",
      "image": "Anemie.jpg",
      "antwoorden": ["Anemie", "Leukemie", "Thrombose", "Hemofilie"]
    },
    {
      "vraag": "Welke vitamine wordt voornamelijk aangemaakt door zonlicht?",
      "image": "VitamineD.jpg",
      "antwoorden": ["Vitamine D", "Vitamine C", "Vitamine B12", "Vitamine A"]
    },
    {
      "vraag": "Wat is het verschil tussen een virus en een bacterie?",
      "image": "Virus.jpg",
      "antwoorden": ["Een virus kan zich niet zelfstandig voortplanten", "Een virus is groter", "Een bacterie heeft geen DNA", "Een bacterie leeft in cellen"]
    },
    {
      "vraag": "Wat is de medische naam voor hoge bloeddruk?",
      "image": "Hypertensie.jpg",
      "antwoorden": ["Hypertensie", "Hypotensie", "Tachycardie", "Arritmie"]
    },
    {
      "vraag": "Welke stof in de hersenen wordt vaak 'het gelukshormoon' genoemd?",
      "image": "Serotonine.jpg",
      "antwoorden": ["Serotonine", "Cortisol", "Adrenaline", "Dopamine"]
    },
    {
      "vraag": "Wat is het hoofdbestanddeel van de celmembraan?",
      "image": "Fosfolipiden.jpg",
      "antwoorden": ["Fosfolipiden", "Eiwitten", "Koolhydraten", "Cholesterol"]
    },
    {
      "vraag": "Welke bloedsuikerverlagende stof wordt geproduceerd door de alvleesklier?",
      "image": "Insuline.jpg",
      "antwoorden": ["Insuline", "Glucagon", "Adrenaline", "Cortisol"]
    },
    {
      "vraag": "Wat is de primaire functie van witte bloedcellen?",
      "image": "WitteBloedcellen.jpg",
      "antwoorden": ["Bestrijden van infecties", "Zuurstoftransport", "Bloedstolling", "Energieopslag"]
    },
    {
      "vraag": "Welke longziekte wordt vaak veroorzaakt door langdurige blootstelling aan tabaksrook?",
      "image": "COPD.jpg",
      "antwoorden": ["COPD", "Astma", "Bronchitis", "Longfibrose"]
    },
    {
      "vraag": "Wat is een belangrijke oorzaak van vitamine B12-tekort?",
      "image": "VitamineB12.jpg",
      "antwoorden": ["Vegetarisch of veganistisch dieet", "Te veel zout", "Overmatige zonblootstelling", "Te veel vezels"]
    },
    {
      "vraag": "Wat is de medische naam voor een ontsteking van de gewrichten?",
      "image": "Artritis.jpg",
      "antwoorden": ["Artritis", "Artrose", "Tendinitis", "Myositis"]
    }
  ]
},

  "Pokemon": {
    "makkelijk": [
    {
      "vraag": "Welke Pokémon gaat dood als hij stopt met bewegen?",
      "image": "PokemonDood.jpg",
      "antwoorden": ["Spoink", "Azurill", "Woobat", "Buneary"]
    },
    {
      "vraag": "Wat is niet strategisch om te doen in een battle?",
      "image": "PokemonBattle.jpg",
      "antwoorden": ["Switching", "Team synergy", "Abillities", "Brute force"]
    },
    {
      "vraag": "Zijn The Pokemon company en Nintendo hetzelfde?",
      "image": "PokemonCompany.jpg",
      "antwoorden": ["Nee", "Ja", "Misschien", "Weet ik niet"]
    },
    {
      "vraag": "Welke pokemon game is in oktober 2025 uitgebracht?",
      "image": "Pokemon-Legends-Z-A.jpg",
      "antwoorden": ["Pokemon Legends Z-A", "Pokemon Sword", "Pokemon Brilliant Diamond", "Pokemon Violet"]
    },
    {
      "vraag": "Welke Pokemon game bevat geen DLC/Betaalde DLC?",
      "image": "pokemon-brilliant-diamond.jpg",
      "antwoorden": ["Pokemon Brilliant Diamond", "Pokemon Legends Z-A", "Pokemon Violet", "Pokemon Sword"]
    },
    {
      "vraag": "Welke van deze Pokemon is een pseudo legendarische Pokemon?",
      "image": "PokemonPseudo.jpg",
      "antwoorden": ["Mewtwo", "Rayquaza", "Garchomp", "Lugia"]
    },
    {
      "vraag": "Welke van deze Pokemon is een dual-type water/psychic?",
      "image": "PokemonLuigia.jpg",
      "antwoorden": ["Slowpoke", "Psyduck", "Starmie", "Golduck"]
    },
    {
      "vraag": "Welke van deze Pokemon evolueert niet door level-up?",
      "image": "PokemonEvolve.jpg",
      "antwoorden": ["Eevee", "Pikachu", "Magikarp", "Bulbasaur"]
    },
    {
      "vraag": "Heeft de pokemon Zygarde een mega evolutie?",
      "image": "PokemonZygarde.jpg",
      "antwoorden": ["Ja", "Nee", "Misschien", "Weet ik niet"]
    },
    {
      "vraag": "Welke van deze Pokemon is een legendarische vogel?",
      "image": "PokemonVogel.jpg",
      "antwoorden": ["Articuno", "Pikipek", "Fearow", "Corviknight"]
    },
    {
      "vraag": "Welke van deze Pokemon heeft meer dan 1 miljoen varianten?",
      "image": "PokemonVormen.jpg",
      "antwoorden": ["Spinda", "Unown", "Alcreamie", "Arceus"]
    },
    {
      "vraag": "Welke van deze Pokemon heeft een mega en bond evolutie?",
      "image": "PokemonMegaStarmie.jpg",
      "antwoorden": ["Greninja", "Audino", "Charizard", "Lucario"]
    }
    ],

    "moeilijk": [
      {
      "vraag": "Welke Nature verhoogt Attack maar verlaagt Special Attack, en wordt vaak gebruikt op physical sweepers zoals Dragonite?",
      "image": "NaturePokemon.jpg",
      "antwoorden": ["Adamant", "Modest", "Jolly", "Timid"]
    },
    {
      "vraag": "Wat is de maximale EV verdeling in HP en Attack voor een Machamp in Generation VIII die het meeste damage wil doen met Dynamic Punch?",
      "image": "Machamp.jpg",
      "antwoorden": ["252 Attack / 252 HP / 4 Defense", "252 Attack / 252 Speed / 4 HP", "252 Attack / 252 Defense / 4 HP", "252 Attack / 252 Special Attack / 4 HP"]
    },
    {
      "vraag": "Welke ability geeft 50% herstel van maximaal HP als de Pokémon status is, en wordt vaak gebruikt op physically bulky Pokémon?",
      "image": "Abilities.jpg",
      "antwoorden": ["Hydration", "Overgrow", "Blaze", "Volt Absorb"]
    },
    {
      "vraag": "Welke Pokémon kan in competitive battles in Generation VII gebruikmaken van Substitute + Leftovers + Swords Dance combo het meest effectief?",
      "image": "Scizor.jpg",
      "antwoorden": ["Scizor", "Garchomp", "Salamence", "Togekiss"]
    },
    {
      "vraag": "Wat is de standaard Speed tier voor een max Speed Jolly Garchomp zonder EV investment in competitive play?",
      "image": "Garchomp.jpg",
      "antwoorden": ["102", "100", "110", "95"]
    },
    {
      "vraag": "Welke move negeert abilities zoals Levitate en Wonder Guard in competitive battles?",
      "image": "earthquake.jpg",
      "antwoorden": ["Earthquake", "Thunderbolt", "Ice Beam", "Shadow Ball"]
    },
    {
      "vraag": "Wat is de maximale damage output van a +2 Adamant Mega Kangaskhan’s Return op een standard 252 HP / 252 Defense Chansey?",
      "image": "Kangaskhan.jpg",
      "antwoorden": ["~60%", "~40%", "~80%", "~100%"]
    },
    {
      "vraag": "Welke held-item combinatie zorgt ervoor dat Choice Scarf gebruikers altijd sneller zijn dan hun tegenstander?",
      "image": "HeldItem.jpg",
      "antwoorden": ["Choice Scarf + Jolly Nature", "Life Orb + Modest", "Focus Sash + Adamant", "Leftovers + Timid"]
    },
    {
      "vraag": "Welke Pokémon kan het meest effectief gebruikmaken van Minimize + Baton Pass + Substitute combo in Gen VII OU?",
      "image": "Smeargle.jpg",
      "antwoorden": ["Smeargle", "Alakazam", "Clefable", "Exeggcute"]
    },
    {
      "vraag": "Welke base Speed heeft Talonflame, waardoor het vaak priority Gale Wings-activiteiten kan outspeeden in competitive battles?",
      "image": "talonflame.jpg",
      "antwoorden": ["126", "130", "120", "110"]
    },
    {
      "vraag": "Welke EV spread wordt vaak gebruikt op specially bulky Tapu Fini om Surging Strikes van Physical sweepers te overleven?",
      "image": "TapuFini.jpg",
      "antwoorden": ["252 HP / 252 Special Defense / 4 Defense", "252 HP / 252 Defense / 4 Special Defense", "252 HP / 252 Attack / 4 Speed", "252 HP / 252 Speed / 4 Defense"]
    },
    {
      "vraag": "Welke Pokémon kan met Hidden Power Ice + Life Orb + max Speed de meeste Dragons in OU generaties verslaan?",
      "image": "Rotom.jpg",
      "antwoorden": ["Rotom-Wash", "Hydreigon", "Garchomp", "Salamence"]
    }
  ]
},

  "Disney": {
    "makkelijk": [
       {
      "vraag": "Wie is de hoofdpersoon in 'The Little Mermaid'?",
      "image": "LittleMermaid.jpg",
      "antwoorden": ["Ariel", "Belle", "Cinderella", "Jasmine"]
    },
    {
      "vraag": "Welke Disney-film speelt zich af in het oude Egypte?",
      "image": "DisneyEgypt.jpg",
      "antwoorden": ["The Prince of Egypt", "Aladdin", "Hercules", "Mulan"]
    },
    {
      "vraag": "Wat is de naam van de pratende sneeuwman in 'Frozen'?",
      "image": "Disney-frozen-olaf.jpg",
      "antwoorden": ["Olaf", "Sven", "Kristoff", "Hans"]
    },
    {
      "vraag": "Welke Disney-prinses heeft een vriend genaamd Mushu?",
      "image": "Mulan.jpg",
      "antwoorden": ["Mulan", "Tiana", "Rapunzel", "Pocahontas"]
    },
    {
      "vraag": "In welke film komt het lied 'Under the Sea' voor?",
      "image": "under-the-sea.jpg",
      "antwoorden": ["The Little Mermaid", "Finding Nemo", "Moana", "Pocahontas"]
    },
    {
      "vraag": "Wie is de slechterik in '101 Dalmatians'?",
      "image": "CruelladeVil.jpg",
      "antwoorden": ["Cruella de Vil", "Maleficent", "Ursula", "Jafar"]
    },
    {
      "vraag": "Welke Disney-film gaat over een houten pop die tot leven komt?",
      "image": "Pinocchio.jpg",
      "antwoorden": ["Pinocchio", "Toy Story", "Brave", "Coco"]
    },
    {
      "vraag": "Wat is de naam van de beer in 'The Jungle Book'?",
      "image": "Baloo.jpg",
      "antwoorden": ["Baloo", "Shere Khan", "Bagheera", "Kaa"]
    },
    {
      "vraag": "Welke Disney-film speelt zich af op een eiland en heeft een hoofdpersoon genaamd Moana?",
      "image": "Moana.jpg",
      "antwoorden": ["Moana", "Lilo & Stitch", "Pocahontas", "Tarzan"]
    },
    {
      "vraag": "Wie is de beste vriend van Woody in 'Toy Story'?",
      "image": "ToyStory.jpg",
      "antwoorden": ["Buzz Lightyear", "Jessie", "Mr. Potato Head", "Rex"]
    },
    {
      "vraag": "Welke Disney-prinses heeft lange, magische haren?",
      "image": "Rapunzel.jpg",
      "antwoorden": ["Rapunzel", "Ariel", "Belle", "Cinderella"]
    },
    {
      "vraag": "In welke film komt de quote 'Hakuna Matata' voor?",
      "image": "LionKing.jpg",
      "antwoorden": ["The Lion King", "Aladdin", "Mulan", "Hercules"]
    }
    ],
    "moeilijk": [
     {
      "vraag": "Wat is de oorspronkelijke productienaam van 'The Little Mermaid' tijdens vroege conceptfasen?",
      "image": "TheLittleMermaid.jpg",
      "antwoorden": ["Ariel’s Undersea Adventure", "Sea Princess", "Mermaid Song", "Ocean Heart"]
    },
    {
      "vraag": "Welke verborgen verwijzing naar Walt Disney zelf is te zien in de film 'Frozen'?",
      "image": "MickeyMouse.jpg",
      "antwoorden": ["Een schilderij van Mickey Mouse in Arendelle", "Een verborgen handtekening in het ijskasteel", "Een wolk die de vorm van Walt’s gezicht heeft", "Een miniatuur Magic Kingdom op de achtergrond"]
    },
    {
      "vraag": "In 'Aladdin', welk detail in de achtergrond van de markt verwijst naar een eerdere Disney-film?",
      "image": "DisneyLamp.jpg",
      "antwoorden": ["Een lamp met de vorm van Lumière", "Een poster van The Jungle Book", "Een speelgoed van Dumbo", "Een figuur van Pinocchio"]
    },
    {
      "vraag": "Wat is de oorspronkelijke naam van Maleficent voordat het werd veranderd in de definitieve versie?",
      "image": "Maleficent.jpg",
      "antwoorden": ["Madame Obscura", "Morgana", "Belladonna", "Evilina"]
    },
    {
      "vraag": "Welke Disney-film bevat een verborgen cameo van Hedwig uit 'Fantasia'?",
      "image": "TheRescuers.jpg",
      "antwoorden": ["The Rescuers", "The Sword in the Stone", "Sleeping Beauty", "The Jungle Book"]
    },
    {
      "vraag": "In 'The Lion King', welk klein detail in de wildebeest stampede scène verwijst naar de vroege storyboards?",
      "image": "TheLionKing.jpg",
      "antwoorden": ["Een silhouet van een animator’s hand", "Een verborgen voetafdruk van Mufasa", "Een subtiele verwijzing naar Bambi", "Een boomvorm die op Simba lijkt"]
    },
    {
      "vraag": "Wat is de naam van de oorspronkelijke schets van Baymax in 'Big Hero 6'?",
      "image": "Baymax.jpg",
      "antwoorden": ["Marshmallow Bot", "Softie", "Guardian", "Hug-Bot"]
    },
    {
      "vraag": "Welke verborgen verwijzing naar Walt Disney’s Disneyland is te vinden in 'Tangled'?",
      "image": "SleepingBeauty.jpg",
      "antwoorden": ["Een miniatuur van Sleeping Beauty Castle in het raam van het kasteel", "Mickey oren in de wolken", "Een verborgen monorail langs de rivier", "Een klein standbeeld van Walt in het bos"]
    },
    {
      "vraag": "In welke Disney-film werd een animatiefout bewust gelaten als een ‘easter egg’ voor de crew?",
      "image": "TheRescuersDownUnder.jpg",
      "antwoorden": ["The Rescuers Down Under", "Hercules", "The Lion King", "Beauty and the Beast"]
    },
    {
      "vraag": "Wat is de naam van de originele antagonist in vroege storyboards van 'Moana', voordat Te Kā werd ontwikkeld?",
      "image": "LavaDemon.jpg",
      "antwoorden": ["The Lava Demon", "Tui’s Rival", "Dark Ocean Spirit", "Fire Spirit"]
    },
    {
      "vraag": "Welke obscure Disney-film bevat een ‘hidden Mickey’ in elke scène van de openingscredits?",
      "image": "TheEmperorsNewGroove.jpg",
      "antwoorden": ["The Emperor’s New Groove", "Lilo & Stitch", "Hercules", "Atlantis: The Lost Empire"]
    },
    {
      "vraag": "In 'Beauty and the Beast', welk klein detail op het tapijt in het kasteel verwijst naar een animator die werkte aan de film?",
      "image": "BeautyAndTheBeast.jpg",
      "antwoorden": ["De initialen van de animator", "Een verborgen beeld van Belle", "Een miniatuur Beast-figuur", "Een kleine vogel met bril"]
    }
  ]
}
}
