{
  "quiz": {
    "title": "Internationaal Eten Quiz",
    "vragen": [
      {
        "id": 1,
        "vraag": "Welke Italiaanse pasta wordt vaak gebruikt voor lasagne?",
        "moeilijkheid": "Easy",
        "land": "Italië"
      },
      {
        "id": 2,
        "vraag": "Wat is de traditionele Spaanse koude soep gemaakt van tomaten, paprika, komkommer en brood?",
        "moeilijkheid": "Easy",
        "land": "Spanje"
      },
      {
        "id": 3,
        "vraag": "Welke Japanse specialiteit bestaat uit kleine rijstballen belegd met vis of zeevruchten?",
        "moeilijkheid": "Easy",
        "land": "Japan"
      },
      {
        "id": 4,
        "vraag": "Wat is de naam van het beroemde Franse gebak dat uit amandelmeel, suiker en eiwitten bestaat en vaak in allerlei kleuren verkrijgbaar is?",
        "moeilijkheid": "Advanced",
        "land": "Frankrijk"
      },
      {
        "id": 5,
        "vraag": "Welke Mexicaanse tortilla-rol gevuld met vlees, kaas, bonen en groenten wordt vaak geserveerd met salsa?",
        "moeilijkheid": "Advanced",
        "land": "Mexico"
      },
      {
        "id": 6,
        "vraag": "Wat is het traditionele Indiase gerecht van gekruide kip of groenten in een romige tomatensaus, vaak geserveerd met naanbrood?",
        "moeilijkheid": "Advanced",
        "land": "India"
      },
      {
        "id": 7,
        "vraag": "Welke Thaise noedelsoep bevat vaak kip, kokosmelk, citroengras en koriander?",
        "moeilijkheid": "Hard",
        "land": "Thailand"
      },
      {
        "id": 8,
        "vraag": "Wat is het traditionele Argentijnse gerecht van gegrild vlees, vaak bereid op een open vuur of grill?",
        "moeilijkheid": "Hard",
        "land": "Argentinië"
      },
      {
        "id": 9,
        "vraag": "Welke Libanese dip wordt gemaakt van gepureerde kikkererwten, tahin, knoflook, citroen en olijfolie?",
        "moeilijkheid": "Extreme",
        "land": "Libanon"
      },
      {
        "id": 10,
        "vraag": "Wat is de naam van de traditionele Koreaanse gefermenteerde groente, vaak pittig van smaak en geserveerd als bijgerecht?",
        "moeilijkheid": "Extreme",
        "land": "Korea"
      }
    ]
  }
}
