{
  "IndonesischEten": [
    {
      "vraag": "Wat is een populair rijstgerecht uit Indonesië?",
      "image": "Nasi_Goreng.jpg",
      "antwoorden": ["Nasi Goreng", "Sushi", "Paella", "Risotto"]
    },
    {
      "vraag": "Welke Indonesische saté is beroemd om zijn pindasaus?",
      "image": "Satesaus.jpg",
      "antwoorden": ["Saté Ayam", "Kebab", "Yakitori", "Shawarma"]
    },
    {
      "vraag": "Welke Indonesische soep bevat noedels en kip?",
      "image": "Soup_Memes.jpg",
      "antwoorden": ["Soto Ayam", "Pho", "Ramen", "Laksa"]
    },  
    {
      "vraag": "Wat is een pittig Indonesisch bijgerecht van sambal en groenten?",
      "image": "gado_gado.jpg",
      "antwoorden": ["Gado-Gado", "Kimchi", "Coleslaw", "Tabbouleh"]
    },
    {
      "vraag": "Welke Indonesische lekkernij bestaat uit kleefrijst en banaan in bananenblad?",
      "image": "lemper.jpg",
      "antwoorden": ["Lemper", "Tamale", "Onigiri", "Baklava"]
    },
    {
      "vraag": "Wat is een zoet Indonesisch dessert gemaakt van kokosmelk en tapioca?",
      "image": "kolak.jpg",
      "antwoorden": ["Kolak", "Pudding", "Mochi", "Flan"]
    },
    {
      "vraag": "Welke Indonesische noedelgerecht wordt vaak gebakken met groenten en vlees?",
      "image": "mie_goreng.jpg",
      "antwoorden": ["Mie Goreng", "Chow Mein", "Spaghetti", "Pad Thai"]
    },
    {
      "vraag": "Wat is een populaire Indonesische visgerecht met kruiden en specerijen?",
      "image": "ikan_bakar.jpg",
      "antwoorden": ["Ikan Bakar", "Ceviche", "Fish and Chips", "Sushi"]
    },
    {
      "vraag": "Welke Indonesische snack bestaat uit gefrituurde tapioca of rijstkoekjes?",
      "image": "krupuk.jpg",
      "antwoorden": ["Krupuk", "Churros", "Tempura", "Fritters"]
    },
    {
      "vraag": "Wat is een traditionele Indonesische pittige rundvleesstoofpot?",
      "image": "rendang.jpg",
      "antwoorden": ["Rendang", "Beef Bourguignon", "Goulash", "Chili Con Carne"]
    }
  ]
}
