{
  "IndonesischEten":
  [
  {
    "vraag": "Wat is een populair rijstgerecht uit Indonesië?",
    "image": "nasi_goreng.jpg",
    "antwoorden": ["Nasi Goreng", "Sushi", "Paella", "Risotto"]
  },
  {
    "vraag": "Welke Indonesische saté is beroemd om zijn pindasaus?",
    "image": "sate.jpg",
    "antwoorden": ["Saté Ayam", "Kebab", "Yakitori", "Shawarma"]
  },
  {
    "vraag": "Welke Indonesische soep bevat noedels en kip?",
    "image": "soto_ayam.jpg",
    "antwoorden": ["Soto Ayam", "Pho", "Ramen", "Laksa"]
  },
  {
    "vraag": "Wat is een pittig Indonesisch bijgerecht van sambal en groenten?",
    "image": "gado_gado.jpg",
    "antwoorden": ["Gado-Gado", "Kimchi", "Coleslaw", "Tabbouleh"]
  }
  ],
  "CodeTalen":
  [
  {
    
  }
  ],
  "Gezondheid":
  [
    {

    }
  ]
}


